{
  "metadata": {
    "exportId": "demo-sample",
    "tier": "FREE_SAMPLE",
    "profileCount": 2,
    "generatedAt": "2026-01-19T08:59:58.196Z",
    "version": "1.0",
    "recency": "MIXED"
  },
  "profiles": [
    {
      "profile": {
        "tinderId": "862b4f91e365c43dc5d7cf5483c710bcd235f4913472cfa8e3cb147075988553",
        "birthDate": "1992-11-01T00:00:00.000Z",
        "ageAtUpload": 33,
        "ageAtLastUsage": 33,
        "createDate": "2025-03-18T06:22:54.609Z",
        "activeTime": "2025-12-30T14:15:18.451Z",
        "gender": "MALE",
        "bio": null,
        "city": "San Francisco",
        "country": "NO",
        "region": "United States",
        "interests": null,
        "sexualOrientations": "Straight",
        "instagramConnected": false,
        "spotifyConnected": false,
        "jobTitle": "Founding Engineer",
        "company": "Wordware.ai",
        "school": "Norwegian University of Science and Technology",
        "educationLevel": "Has no high school or college education",
        "ageFilterMin": 24,
        "ageFilterMax": 28,
        "interestedIn": "FEMALE",
        "genderFilter": "FEMALE",
        "firstDayOnApp": "2025-03-18T00:00:00.000Z",
        "lastDayOnApp": "2025-12-30T00:00:00.000Z",
        "daysInProfilePeriod": 288
      },
      "meta": {
        "daysInPeriod": 288,
        "daysActive": 127,
        "appOpensTotal": 925,
        "swipeLikesTotal": 620,
        "swipePassesTotal": 823,
        "messagesSentTotal": 323,
        "messagesReceivedTotal": 257,
        "matchesTotal": 159,
        "matchRate": 0.2564516129032258,
        "likeRate": 0.42966042966042967,
        "swipesPerDay": 5.010416666666667,
        "conversationCount": 68
      },
      "usageSample": [
        {
          "dateStamp": "2025-03-18T00:00:00.000Z",
          "appOpens": 8,
          "matches": 0,
          "swipeLikes": 6,
          "swipePasses": 3,
          "messagesReceived": 0,
          "messagesSent": 0,
          "matchRate": 0,
          "likeRate": 0.6666666666666666
        },
        {
          "dateStamp": "2025-03-19T00:00:00.000Z",
          "appOpens": 3,
          "matches": 2,
          "swipeLikes": 8,
          "swipePasses": 20,
          "messagesReceived": 0,
          "messagesSent": 0,
          "matchRate": 0.25,
          "likeRate": 0.2857142857142857
        },
        {
          "dateStamp": "2025-03-20T00:00:00.000Z",
          "appOpens": 0,
          "matches": 0,
          "swipeLikes": 0,
          "swipePasses": 0,
          "messagesReceived": 0,
          "messagesSent": 0,
          "matchRate": 0,
          "likeRate": 0
        },
        {
          "dateStamp": "2025-03-21T00:00:00.000Z",
          "appOpens": 0,
          "matches": 0,
          "swipeLikes": 0,
          "swipePasses": 0,
          "messagesReceived": 0,
          "messagesSent": 0,
          "matchRate": 0,
          "likeRate": 0
        },
        {
          "dateStamp": "2025-03-22T00:00:00.000Z",
          "appOpens": 8,
          "matches": 6,
          "swipeLikes": 19,
          "swipePasses": 34,
          "messagesReceived": 0,
          "messagesSent": 4,
          "matchRate": 0.3157894736842105,
          "likeRate": 0.3584905660377358
        },
        {
          "dateStamp": "2025-03-23T00:00:00.000Z",
          "appOpens": 20,
          "matches": 1,
          "swipeLikes": 3,
          "swipePasses": 4,
          "messagesReceived": 8,
          "messagesSent": 8,
          "matchRate": 0.3333333333333333,
          "likeRate": 0.42857142857142855
        },
        {
          "dateStamp": "2025-03-24T00:00:00.000Z",
          "appOpens": 47,
          "matches": 5,
          "swipeLikes": 13,
          "swipePasses": 13,
          "messagesReceived": 10,
          "messagesSent": 13,
          "matchRate": 0.38461538461538464,
          "likeRate": 0.5
        },
        {
          "dateStamp": "2025-03-25T00:00:00.000Z",
          "appOpens": 27,
          "matches": 0,
          "swipeLikes": 0,
          "swipePasses": 0,
          "messagesReceived": 4,
          "messagesSent": 4,
          "matchRate": 0,
          "likeRate": 0
        },
        {
          "dateStamp": "2025-03-26T00:00:00.000Z",
          "appOpens": 1,
          "matches": 0,
          "swipeLikes": 0,
          "swipePasses": 0,
          "messagesReceived": 0,
          "messagesSent": 0,
          "matchRate": 0,
          "likeRate": 0
        },
        {
          "dateStamp": "2025-03-27T00:00:00.000Z",
          "appOpens": 7,
          "matches": 0,
          "swipeLikes": 0,
          "swipePasses": 0,
          "messagesReceived": 2,
          "messagesSent": 1,
          "matchRate": 0,
          "likeRate": 0
        },
        {
          "dateStamp": "2025-03-28T00:00:00.000Z",
          "appOpens": 3,
          "matches": 0,
          "swipeLikes": 1,
          "swipePasses": 0,
          "messagesReceived": 1,
          "messagesSent": 0,
          "matchRate": 0,
          "likeRate": 1
        },
        {
          "dateStamp": "2025-03-29T00:00:00.000Z",
          "appOpens": 8,
          "matches": 0,
          "swipeLikes": 0,
          "swipePasses": 0,
          "messagesReceived": 0,
          "messagesSent": 2,
          "matchRate": 0,
          "likeRate": 0
        },
        {
          "dateStamp": "2025-03-30T00:00:00.000Z",
          "appOpens": 22,
          "matches": 4,
          "swipeLikes": 14,
          "swipePasses": 12,
          "messagesReceived": 6,
          "messagesSent": 11,
          "matchRate": 0.2857142857142857,
          "likeRate": 0.5384615384615384
        },
        {
          "dateStamp": "2025-03-31T00:00:00.000Z",
          "appOpens": 7,
          "matches": 1,
          "swipeLikes": 2,
          "swipePasses": 6,
          "messagesReceived": 0,
          "messagesSent": 0,
          "matchRate": 0.5,
          "likeRate": 0.25
        },
        {
          "dateStamp": "2025-04-01T00:00:00.000Z",
          "appOpens": 2,
          "matches": 0,
          "swipeLikes": 0,
          "swipePasses": 0,
          "messagesReceived": 0,
          "messagesSent": 0,
          "matchRate": 0,
          "likeRate": 0
        },
        {
          "dateStamp": "2025-04-02T00:00:00.000Z",
          "appOpens": 0,
          "matches": 0,
          "swipeLikes": 0,
          "swipePasses": 0,
          "messagesReceived": 0,
          "messagesSent": 0,
          "matchRate": 0,
          "likeRate": 0
        },
        {
          "dateStamp": "2025-04-03T00:00:00.000Z",
          "appOpens": 4,
          "matches": 1,
          "swipeLikes": 4,
          "swipePasses": 9,
          "messagesReceived": 0,
          "messagesSent": 0,
          "matchRate": 0.25,
          "likeRate": 0.3076923076923077
        },
        {
          "dateStamp": "2025-04-04T00:00:00.000Z",
          "appOpens": 5,
          "matches": 1,
          "swipeLikes": 3,
          "swipePasses": 9,
          "messagesReceived": 0,
          "messagesSent": 2,
          "matchRate": 0.3333333333333333,
          "likeRate": 0.25
        },
        {
          "dateStamp": "2025-04-05T00:00:00.000Z",
          "appOpens": 0,
          "matches": 0,
          "swipeLikes": 0,
          "swipePasses": 0,
          "messagesReceived": 0,
          "messagesSent": 0,
          "matchRate": 0,
          "likeRate": 0
        },
        {
          "dateStamp": "2025-04-06T00:00:00.000Z",
          "appOpens": 0,
          "matches": 0,
          "swipeLikes": 0,
          "swipePasses": 0,
          "messagesReceived": 0,
          "messagesSent": 0,
          "matchRate": 0,
          "likeRate": 0
        },
        {
          "dateStamp": "2025-04-07T00:00:00.000Z",
          "appOpens": 1,
          "matches": 0,
          "swipeLikes": 0,
          "swipePasses": 4,
          "messagesReceived": 0,
          "messagesSent": 0,
          "matchRate": 0,
          "likeRate": 0
        },
        {
          "dateStamp": "2025-04-08T00:00:00.000Z",
          "appOpens": 1,
          "matches": 1,
          "swipeLikes": 2,
          "swipePasses": 8,
          "messagesReceived": 0,
          "messagesSent": 0,
          "matchRate": 0.5,
          "likeRate": 0.2
        },
        {
          "dateStamp": "2025-04-09T00:00:00.000Z",
          "appOpens": 0,
          "matches": 0,
          "swipeLikes": 0,
          "swipePasses": 0,
          "messagesReceived": 0,
          "messagesSent": 0,
          "matchRate": 0,
          "likeRate": 0
        },
        {
          "dateStamp": "2025-04-10T00:00:00.000Z",
          "appOpens": 0,
          "matches": 0,
          "swipeLikes": 0,
          "swipePasses": 0,
          "messagesReceived": 0,
          "messagesSent": 0,
          "matchRate": 0,
          "likeRate": 0
        },
        {
          "dateStamp": "2025-04-11T00:00:00.000Z",
          "appOpens": 11,
          "matches": 0,
          "swipeLikes": 1,
          "swipePasses": 0,
          "messagesReceived": 2,
          "messagesSent": 0,
          "matchRate": 0,
          "likeRate": 1
        },
        {
          "dateStamp": "2025-04-12T00:00:00.000Z",
          "appOpens": 0,
          "matches": 0,
          "swipeLikes": 0,
          "swipePasses": 0,
          "messagesReceived": 0,
          "messagesSent": 0,
          "matchRate": 0,
          "likeRate": 0
        },
        {
          "dateStamp": "2025-04-13T00:00:00.000Z",
          "appOpens": 5,
          "matches": 0,
          "swipeLikes": 0,
          "swipePasses": 0,
          "messagesReceived": 0,
          "messagesSent": 1,
          "matchRate": 0,
          "likeRate": 0
        },
        {
          "dateStamp": "2025-04-14T00:00:00.000Z",
          "appOpens": 2,
          "matches": 0,
          "swipeLikes": 0,
          "swipePasses": 0,
          "messagesReceived": 0,
          "messagesSent": 0,
          "matchRate": 0,
          "likeRate": 0
        },
        {
          "dateStamp": "2025-04-15T00:00:00.000Z",
          "appOpens": 0,
          "matches": 1,
          "swipeLikes": 0,
          "swipePasses": 0,
          "messagesReceived": 0,
          "messagesSent": 0,
          "matchRate": 0,
          "likeRate": 0
        },
        {
          "dateStamp": "2025-04-16T00:00:00.000Z",
          "appOpens": 0,
          "matches": 0,
          "swipeLikes": 0,
          "swipePasses": 0,
          "messagesReceived": 0,
          "messagesSent": 0,
          "matchRate": 0,
          "likeRate": 0
        }
      ],
      "matchCount": "68"
    },
    {
      "profile": {
        "tinderId": "96d5e7ba8f42af5f40b1ea25a3deafc035ebd5350521b925a5e6478e2aebfee5",
        "birthDate": "1992-11-01T00:00:00.000Z",
        "ageAtUpload": 33,
        "ageAtLastUsage": 30,
        "createDate": "2013-11-12T09:30:07.551Z",
        "activeTime": "2023-06-03T11:55:17.474Z",
        "gender": "MALE",
        "bio": "Digital nomad 📍 Oslo\n\n🇳🇴💻🌎 @promad.life\nToo tall to be a hobbit, but I love going on adventures!\n194cm / 6''4\n\nPersonal website about traveling and technology:\nkristianeboe.me",
        "city": "Oslo",
        "country": "NO",
        "region": "Norway",
        "interests": null,
        "sexualOrientations": null,
        "instagramConnected": false,
        "spotifyConnected": false,
        "jobTitle": "Lead Engineer",
        "company": "Commsor",
        "school": "NTNU - Norges teknisk-naturvitenskapelige universitet",
        "educationLevel": "Has high school and/or college education",
        "ageFilterMin": 24,
        "ageFilterMax": 32,
        "interestedIn": "FEMALE",
        "genderFilter": "FEMALE",
        "firstDayOnApp": "2014-12-05T00:00:00.000Z",
        "lastDayOnApp": "2023-06-03T00:00:00.000Z",
        "daysInProfilePeriod": 3103
      },
      "meta": {
        "daysInPeriod": 3103,
        "daysActive": 1307,
        "appOpensTotal": 10804,
        "swipeLikesTotal": 18378,
        "swipePassesTotal": 14199,
        "messagesSentTotal": 3648,
        "messagesReceivedTotal": 3625,
        "matchesTotal": 3851,
        "matchRate": 0.20954402002394168,
        "likeRate": 0.5641403444147711,
        "swipesPerDay": 10.498549790525297,
        "conversationCount": 1142
      },
      "usageSample": [
        {
          "dateStamp": "2014-12-05T00:00:00.000Z",
          "appOpens": 0,
          "matches": 5,
          "swipeLikes": 13,
          "swipePasses": 15,
          "messagesReceived": 0,
          "messagesSent": 0,
          "matchRate": 0.38461538461538464,
          "likeRate": 0.4642857142857143
        },
        {
          "dateStamp": "2014-12-06T00:00:00.000Z",
          "appOpens": 0,
          "matches": 0,
          "swipeLikes": 0,
          "swipePasses": 0,
          "messagesReceived": 0,
          "messagesSent": 0,
          "matchRate": 0,
          "likeRate": 0
        },
        {
          "dateStamp": "2014-12-07T00:00:00.000Z",
          "appOpens": 0,
          "matches": 0,
          "swipeLikes": 0,
          "swipePasses": 0,
          "messagesReceived": 0,
          "messagesSent": 0,
          "matchRate": 0,
          "likeRate": 0
        },
        {
          "dateStamp": "2014-12-08T00:00:00.000Z",
          "appOpens": 0,
          "matches": 0,
          "swipeLikes": 0,
          "swipePasses": 0,
          "messagesReceived": 0,
          "messagesSent": 0,
          "matchRate": 0,
          "likeRate": 0
        },
        {
          "dateStamp": "2014-12-09T00:00:00.000Z",
          "appOpens": 0,
          "matches": 0,
          "swipeLikes": 0,
          "swipePasses": 0,
          "messagesReceived": 0,
          "messagesSent": 0,
          "matchRate": 0,
          "likeRate": 0
        },
        {
          "dateStamp": "2014-12-10T00:00:00.000Z",
          "appOpens": 0,
          "matches": 0,
          "swipeLikes": 0,
          "swipePasses": 0,
          "messagesReceived": 0,
          "messagesSent": 0,
          "matchRate": 0,
          "likeRate": 0
        },
        {
          "dateStamp": "2014-12-11T00:00:00.000Z",
          "appOpens": 0,
          "matches": 0,
          "swipeLikes": 0,
          "swipePasses": 0,
          "messagesReceived": 0,
          "messagesSent": 0,
          "matchRate": 0,
          "likeRate": 0
        },
        {
          "dateStamp": "2014-12-12T00:00:00.000Z",
          "appOpens": 0,
          "matches": 0,
          "swipeLikes": 0,
          "swipePasses": 0,
          "messagesReceived": 0,
          "messagesSent": 0,
          "matchRate": 0,
          "likeRate": 0
        },
        {
          "dateStamp": "2014-12-13T00:00:00.000Z",
          "appOpens": 0,
          "matches": 0,
          "swipeLikes": 0,
          "swipePasses": 0,
          "messagesReceived": 0,
          "messagesSent": 0,
          "matchRate": 0,
          "likeRate": 0
        },
        {
          "dateStamp": "2014-12-14T00:00:00.000Z",
          "appOpens": 0,
          "matches": 0,
          "swipeLikes": 0,
          "swipePasses": 0,
          "messagesReceived": 0,
          "messagesSent": 0,
          "matchRate": 0,
          "likeRate": 0
        },
        {
          "dateStamp": "2014-12-15T00:00:00.000Z",
          "appOpens": 0,
          "matches": 0,
          "swipeLikes": 0,
          "swipePasses": 0,
          "messagesReceived": 0,
          "messagesSent": 0,
          "matchRate": 0,
          "likeRate": 0
        },
        {
          "dateStamp": "2014-12-16T00:00:00.000Z",
          "appOpens": 0,
          "matches": 0,
          "swipeLikes": 0,
          "swipePasses": 0,
          "messagesReceived": 0,
          "messagesSent": 0,
          "matchRate": 0,
          "likeRate": 0
        },
        {
          "dateStamp": "2014-12-17T00:00:00.000Z",
          "appOpens": 0,
          "matches": 0,
          "swipeLikes": 0,
          "swipePasses": 0,
          "messagesReceived": 0,
          "messagesSent": 0,
          "matchRate": 0,
          "likeRate": 0
        },
        {
          "dateStamp": "2014-12-18T00:00:00.000Z",
          "appOpens": 0,
          "matches": 4,
          "swipeLikes": 0,
          "swipePasses": 0,
          "messagesReceived": 0,
          "messagesSent": 0,
          "matchRate": 0,
          "likeRate": 0
        },
        {
          "dateStamp": "2014-12-19T00:00:00.000Z",
          "appOpens": 0,
          "matches": 0,
          "swipeLikes": 0,
          "swipePasses": 0,
          "messagesReceived": 0,
          "messagesSent": 0,
          "matchRate": 0,
          "likeRate": 0
        },
        {
          "dateStamp": "2014-12-20T00:00:00.000Z",
          "appOpens": 0,
          "matches": 1,
          "swipeLikes": 0,
          "swipePasses": 0,
          "messagesReceived": 0,
          "messagesSent": 0,
          "matchRate": 0,
          "likeRate": 0
        },
        {
          "dateStamp": "2014-12-21T00:00:00.000Z",
          "appOpens": 0,
          "matches": 2,
          "swipeLikes": 41,
          "swipePasses": 23,
          "messagesReceived": 0,
          "messagesSent": 0,
          "matchRate": 0.04878048780487805,
          "likeRate": 0.640625
        },
        {
          "dateStamp": "2014-12-22T00:00:00.000Z",
          "appOpens": 0,
          "matches": 0,
          "swipeLikes": 0,
          "swipePasses": 0,
          "messagesReceived": 0,
          "messagesSent": 0,
          "matchRate": 0,
          "likeRate": 0
        },
        {
          "dateStamp": "2014-12-23T00:00:00.000Z",
          "appOpens": 0,
          "matches": 1,
          "swipeLikes": 20,
          "swipePasses": 12,
          "messagesReceived": 0,
          "messagesSent": 0,
          "matchRate": 0.05,
          "likeRate": 0.625
        },
        {
          "dateStamp": "2014-12-24T00:00:00.000Z",
          "appOpens": 0,
          "matches": 1,
          "swipeLikes": 8,
          "swipePasses": 6,
          "messagesReceived": 0,
          "messagesSent": 0,
          "matchRate": 0.125,
          "likeRate": 0.5714285714285714
        },
        {
          "dateStamp": "2014-12-25T00:00:00.000Z",
          "appOpens": 0,
          "matches": 0,
          "swipeLikes": 3,
          "swipePasses": 1,
          "messagesReceived": 0,
          "messagesSent": 0,
          "matchRate": 0,
          "likeRate": 0.75
        },
        {
          "dateStamp": "2014-12-26T00:00:00.000Z",
          "appOpens": 0,
          "matches": 0,
          "swipeLikes": 0,
          "swipePasses": 0,
          "messagesReceived": 0,
          "messagesSent": 0,
          "matchRate": 0,
          "likeRate": 0
        },
        {
          "dateStamp": "2014-12-27T00:00:00.000Z",
          "appOpens": 0,
          "matches": 1,
          "swipeLikes": 9,
          "swipePasses": 16,
          "messagesReceived": 0,
          "messagesSent": 0,
          "matchRate": 0.1111111111111111,
          "likeRate": 0.36
        },
        {
          "dateStamp": "2014-12-28T00:00:00.000Z",
          "appOpens": 0,
          "matches": 0,
          "swipeLikes": 16,
          "swipePasses": 13,
          "messagesReceived": 0,
          "messagesSent": 0,
          "matchRate": 0,
          "likeRate": 0.5517241379310345
        },
        {
          "dateStamp": "2014-12-29T00:00:00.000Z",
          "appOpens": 0,
          "matches": 0,
          "swipeLikes": 0,
          "swipePasses": 0,
          "messagesReceived": 0,
          "messagesSent": 0,
          "matchRate": 0,
          "likeRate": 0
        },
        {
          "dateStamp": "2014-12-30T00:00:00.000Z",
          "appOpens": 0,
          "matches": 0,
          "swipeLikes": 1,
          "swipePasses": 0,
          "messagesReceived": 0,
          "messagesSent": 0,
          "matchRate": 0,
          "likeRate": 1
        },
        {
          "dateStamp": "2014-12-31T00:00:00.000Z",
          "appOpens": 0,
          "matches": 0,
          "swipeLikes": 0,
          "swipePasses": 0,
          "messagesReceived": 0,
          "messagesSent": 0,
          "matchRate": 0,
          "likeRate": 0
        },
        {
          "dateStamp": "2015-01-01T00:00:00.000Z",
          "appOpens": 0,
          "matches": 0,
          "swipeLikes": 0,
          "swipePasses": 0,
          "messagesReceived": 0,
          "messagesSent": 0,
          "matchRate": 0,
          "likeRate": 0
        },
        {
          "dateStamp": "2015-01-02T00:00:00.000Z",
          "appOpens": 0,
          "matches": 0,
          "swipeLikes": 0,
          "swipePasses": 0,
          "messagesReceived": 0,
          "messagesSent": 0,
          "matchRate": 0,
          "likeRate": 0
        },
        {
          "dateStamp": "2015-01-03T00:00:00.000Z",
          "appOpens": 1,
          "matches": 0,
          "swipeLikes": 0,
          "swipePasses": 0,
          "messagesReceived": 0,
          "messagesSent": 0,
          "matchRate": 0,
          "likeRate": 0
        }
      ],
      "matchCount": "1142"
    }
  ],
  "citation": "SwipeStats.io Dating App Dataset. Please cite as: \"SwipeStats.io Dating App Dataset, 2026, 2 Profiles\"",
  "documentation": {
    "description": "This is a free sample dataset from SwipeStats.io. For larger datasets (10-5000+ profiles), visit swipestats.io/research",
    "dataStructure": {
      "profile": "Basic profile information (age, gender, location, bio, etc.)",
      "meta": "Aggregated statistics (total swipes, matches, messages, rates)",
      "usageSample": "Daily activity data (up to 30 days)",
      "matchCount": "Total number of matches for this profile"
    },
    "notes": [
      "All data is fully anonymized",
      "Message content is excluded for privacy",
      "Personal identifiers have been removed",
      "Data is collected with explicit user consent"
    ],
    "upgradePath": {
      "description": "Need more data for your research?",
      "url": "https://swipestats.io/research",
      "tiers": {
        "starter": "10 profiles - $15",
        "standard": "1,000 profiles - $50",
        "fresh": "1,000 recent profiles - $150",
        "premium": "3,000 recent profiles - $300",
        "academic": "5,000+ profiles with custom options - From $1,500"
      }
    },
    "typeScriptInterfaces": {
      "description": "For TypeScript users, full type definitions are available in our open-source repository",
      "tinderTypes": "https://github.com/Boe-Ventures/swipestats.io/blob/main/src/lib/interfaces/TinderDataJSON.ts",
      "hingeTypes": "https://github.com/Boe-Ventures/swipestats.io/blob/main/src/lib/interfaces/HingeDataJSON.ts"
    }
  }
}